Workbook

Sheet Cover
B2: QA Nexus PM1 — Professional Work Log
B3: Effort Evidence, Deliverables & Token-Management ROI
B4: Owner: Yogesh Mohite (Sr QA + Admin) · Iksula Services Pvt Ltd · Reporting to: Akshay Panchal (QA Lead)
B5: Period: 2026-04-17 → 2026-05-05 (19 days) · Report Generated: 2026-05-05 22:28
B7: KEY METRICS AT A GLANCE
B8: Total Hours Logged | D8: Work Sessions | F8: Active Days
B9: 59.89 | D9: 57 | F9: 12
B10: Verifiable work effort | D10: Evidence rows supporting effort | F10: Distinct days with logged evidence
B12: TOKEN MANAGEMENT METRICS
B13: Tokens Saved | D13: Token Sessions | F13: Est. Token Cost (USD)
B14: 1012400 | D14: 8 | F14: 1829.84
B15: Estimated savings from memory/context flow | D15: Actual telemetry rows tracked | F15: Model-token cost estimate
B17: WORKBOOK NAVIGATION
B18: Sheet Name | D18: Description | G18: Records
B19: Consolidated Report | D19: Executive summary, phase breakdown, deliverables, cost posture | G19: 8 phases · 57 sessions
B20: Phase Comparison | D20: Formula-backed hours by phase with bar chart | G20: 8 rows + chart
B21: Daily Rollup | D21: Latest-first daily hours and trend chart | G21: 11 days + chart
B22: All Sessions | D22: Complete evidence log sorted latest first | G22: 57 sessions
B23: Token Sessions | D23: Per-session token telemetry sorted latest first | G23: 8 tracked sessions
B24: Token Daily Rollup | D24: Formula-backed token daily totals | G24: 4 dates
B25: Token Comparison | D25: Worktree-level token rollup with formulas | G25: 1 worktree + total
B26: Backfill Notes | D26: Transparent data-quality flags and mitigations | G26: 26 entries
B27: Phase Detail Sheets | D27: Idea Confirmation, Test Case Mgmt, Test Automation, Design & Specs, Milestone Planning, Launch Creative, Development, Other | G27: 60+ sessions
B30: MANAGEMENT READING NOTES
B31: 1. Hours are verifiable work-log evidence. Chat-only research may mean true effort is higher.
B32: 2. Token savings are conservative estimates from memory injection and context preloading telemetry.
B33: 3. FE/BE token gaps are not hidden; they are listed in Backfill_Notes with mitigation status.
B34: 4. All core rollups use formulas so management totals update automatically when new rows are added.
B35: 5. Latest records are shown first (descending order) for immediate visibility of recent activity.

Sheet All Sessions
B2: All Sessions — Complete Evidence Log (Latest First)
B3: Every session across every phase, sorted descending by date · 57 sessions · 59.89 verifiable hours
B5: Date | C5: Day | D5: Timing | E5: Hours | F5: Files | G5: Phase | H5: Evidence / Theme | I5: What I Did | J5: Parallel Work (FE+BE)
B6: 2026-05-05 | C6: Tuesday | D6: 10:00 AM – 1:00 PM | E6: 3 | F6: 8 | G6: Milestone Planning | H6: M1 close ceremony | I6: M1 close ceremony — Day 9+10 combined. RBAC sweep 54/54 pass. Audit chain env-skip (no local DATABASE_URL). Filed m1-close-report.md (47 PRs, 358 tests, 21/41 frames, $0/month). Pushed tag m1-closed-2026-05-05. Posted m1-closed-announcement. Wrote Day-9+10-combined EOD report. PR #48 fix(web): f27 /admin/users 404 — users-api.ts relative URL fixed to NEXT_PUBLIC_API_BASE_URL (BE wiring was correct; FE bug). Bonus: better-auth pnpm hoist applied.
B7: 2026-05-03 | E7: 7 | F7: 80 | G7: Milestone Planning | H7: M0 close ceremony | I7: M0 close ceremony — Steps A-I + Step E. PRs #21+#22+#23+#24 squash-merged; PR #25 (FE M2) opened as Draft. Followups (t) closed via PR #24, (u)+(v) filed. CLAUDE.md Hard Rule #3 updated for 3-folder frame inventory post Claude Design v2 supersede. M0 completion report at docs/milestones/M0_completion_report.md. 4th halt-to-root-cause pattern codified (refined pre-merge gate: compare PR vs main, only NEW failures gate). 102 commits over M0 window, 17 PASS / 0 FAIL / 2 DEFERRED to M1.5. Final main HEAD 44b06ef.
B8: 2026-04-27 | C8: Monday | D8: 10:04 AM – 11:31 AM | E8: 1.68 | F8: 234 | G8: Development | H8: memory.md · api.md · database.md
B9: 2026-04-27 | C9: Monday | D9: 10:35 AM – 10:49 AM | E9: 0.5 | F9: 153 | G9: Design & Specifications | H9: QA_Nexus_Tech_Stack.docx · ERD.docx · ERD.drawio
B10: 2026-04-27 | C10: Monday | D10: 10:47 AM – 10:49 AM | E10: 0.5 | F10: 248 | G10: Milestone Planning | H10: AUDIT_REMEDIATION_WAVE_3_REPORT.md · FINAL_REVIEW.md · FINAL_REVIEW_MVP_ARCHIVE.md
B11: 2026-04-27 | C11: Monday | D11: 1:19 PM – 1:19 PM | E11: 0.5 | F11: 16 | G11: Development | H11: audit-log.sh · report-token-savings.sh · check-secrets.sh
B12: 2026-04-27 | C12: Monday | D12: 2:25 PM – 4:12 PM | E12: 2.03 | F12: 49 | G12: Development | H12: token-savings.jsonl · block-dangerous.sh · .gitleaks.toml
B13: 2026-04-27 | C13: Monday | D13: 5:58 PM – 8:44 PM | E13: 3 | F13: 143 | G13: Development | H13: settings.local.json · deploy-check.md · sync-worktree.md
B14: 2026-04-27 | C14: Monday | D14: 8:55 PM – 9:49 PM | E14: 1.15 | F14: 3 | G14: Other | H14: .~lock.QA_Nexus_Work_Hours_Log.xlsx# · lu1418u8yh.tmp · lu13993vzx.tmp
B15: 2026-04-27 | C15: Monday | D15: 9:44 PM – 10:10 PM | E15: 0.68 | F15: 3 | G15: Test Automation & Reporting | H15: BrowserStack AI Agents — Document Finalisation
B16: 2026-04-26 | C16: Sunday | D16: 1:17 PM – 2:17 PM | E16: 1.23 | F16: 9 | G16: Launch Creative | H16: qa-nexus-stack-diagram.svg · qa-nexus-stack-animated.html · qa-nexus-stack-logos.svg
B17: 2026-04-26 | C17: Sunday | D17: 2:29 PM – 2:29 PM | E17: 0.5 | F17: 574 | G17: Development | H17: e9502cdb · 3a4bb885 · 3147a1e3
B18: 2026-04-26 | C18: Sunday | D18: 2:40 PM – 2:42 PM | E18: 0.5 | F18: 4 | G18: Design & Specifications | H18: PRD.md · PRD.md · ERD.md
B19: 2026-04-26 | C19: Sunday | D19: 3:45 PM – 3:45 PM | E19: 0.5 | F19: 1 | G19: Milestone Planning | H19: Milestone_M0_Setup_v8.md
... B62: 2026-04-17 | C62: Friday | D62: 8:22 PM – 11:30 PM | E62: 3.37 | F62: 14 | G62: Idea Confirmation | H62: QA_Roles_Documents_Reference_Guide.md · QA_Nexus_Platform_Vision.md · problem-landscape.drawio
B63: 46148 | C63: Wednesday | D63: 10:00 AM – 4:39 PM | E63: 6.65 | F63: 30 | G63: Milestone Planning | H63: Day-11 M2 cascade + xlsx swap + Rule 14 | I63: MAIN session: skill audit PR #50, ctx-discipline #54, compound-learnings backfill #56, professional xlsx swap with 26-row backfill #59, Hard Rule 14 codified #64, EOD MAIN section #65. Cascade through 75min GHA outage 13:30-14:45 IST. 13+ PRs auto-merged across MAIN/BE+1/FE+1.
B64: 46148 | C64: Wednesday | D64: 11:30 AM – 5:45 PM | E64: 6.25 | F64: 10 | G64: Development | H64: M2 TASK 1 F12 KB Upload + AdminShell fix | I64: FE+1 session: F12 KB Upload Modal Pattern A scaffold (PR #52, merged 12:13 IST), AdminShell wrap fix on F12+F13 (PR #63, post visual-gate catch), Day-11 EOD + compound-learnings + sessions-stream init (PR #55). Idle Thu morning until BE /api/kb/upload-init lands.
B65: 46148 | C65: Wednesday | D65: 11:30 AM – 3:30 PM | E65: 4 | F65: 25 | G65: Development | H65: M2 deploy + chunk-search + RAG pipeline | I65: BE+1 session: M2 staging deploy artifacts + ADR-011 (PR #51 rebased to 577e975), chunk-search real pgvector flip (PR #53), KB RAG /api/kb/answer + ADR-012 (PR #57). 14 new tests, 325/325 BE suite. Compound-learning: citation marker = chunk header (no drift).
B66: 46149 | C66: Thursday | D66: 06:50 AM – 5:00 PM | E66: 10.2 | F66: 18 | G66: Milestone Planning | H66: Day-12 / M2 Close Ceremony — 2-day vs 4-day plan | I66: M2 closed 2 days ahead of plan (2x cadence). 16 PRs merged today across MAIN orchestration: morning Hard Rule 14 retrofit audit (#68), sessions-stream correlation hook (#76), Day-11 backfill (#67); afternoon BE/FE M2 cascade: prettier-write fix (#79) unblocking #77 #78; #78 BE M2 KB doc-create endpoint closes (al) blocker; #69 AdminShell v2 + #71 F13 flip + #80 F12 flip + #72 F15 flip merged in 16-min burst at 15:36-15:52 IST once visual-gate flags dropped; ceremony at 16:00-16:38 IST: close-gate sweep 69/69 ✅, audit chain env-skip documented, close report drafted (#81), tag m2-closed-2026-05-07 pushed at commit 498f206, EOD report drafted (#82). Carry-overs: (am) Rule 14 retrofit on F08+F09, (ae) embedding-spec direction call, Render staging Yogesh action, (ap) playwright cold-install cache.
B67: 46155 | C67: Wednesday | D67: 10:00 AM – 10:30 PM | E67: 12.5 | F67: 28 | G67: Development | H67: Day-17 M3 close ceremony + 4-PR auth saga + M3 close PR | I67: M3 OFFICIALLY CLOSED at 22:55 IST. 13 PRs merged today (#129 #130 #131 #132 #133 #134 #137 #138 #139 #135 #136 #141 #142). 9-PR BetterAuth fix chain finally complete (Day-15 5-PR + Day-17 4-PR saga: #137 Gmail prefetch intermediate confirm page, #138 zod scoped override for @better-auth/core + 4-layer proof, #139 drop /auth/ prefix in sendMagicLink URL, plus BetterAuth >=1.6.11 hardcoded single-use atomic consumption discovery). Magic-link end-to-end confirmed green by Yogesh through Gmail at 21:00 IST. F19 Run Console + AdminShell canonical realignment landed. CLAUDE.md amended with Hard Rule 14 (AdminShell F19-canonical) + Hard Rule 16 NEW (canonical-first port workflow 8 steps). 12 close-ceremony artifacts shipped in PR #141 + PR #142 (M2+M3 retro). Tag m3-closed-2026-05-13 anchored at SHA a98797b (#139 — auth-chain-complete commit). 52 PRs across M3 sprint (6 calendar days / ~3.6 working days).
B68: GRAND TOTAL | E68: =SUM(E6:E67) | F68: =SUM(F6:F67)

Sheet Phase Comparison
B2: Phase Comparison — Hours, Sessions & Days
B3: Formula-backed phase summary · Sorted by Total Hours descending
B5: Rank | C5: Phase | D5: Sessions | E5: Active Days | F5: Total Hours | G5: Avg Hrs/Session | H5: Avg Hrs/Day | I5: % of Project | K5: Phase | L5: Hours
B6: 1 | C6: Design & Specifications | D6: 22 | E6: 8 | F6: 17.89 | G6: =IFERROR(F6/D6,0) | H6: =IFERROR(F6/E6,0) | I6: =IFERROR(F6/$F$14,0) | K6: Design & Specifications | L6: 17.89
B7: 2 | C7: Milestone Planning | D7: 14 | E7: 9 | F7: 16.74 | G7: =IFERROR(F7/D7,0) | H7: =IFERROR(F7/E7,0) | I7: =IFERROR(F7/$F$14,0) | K7: Milestone Planning | L7: 16.74
B8: 3 | C8: Development | D8: 9 | E8: 4 | F8: 13.84 | G8: =IFERROR(F8/D8,0) | H8: =IFERROR(F8/E8,0) | I8: =IFERROR(F8/$F$14,0) | K8: Development | L8: 13.84
B9: 4 | C9: Idea Confirmation | D9: 2 | E9: 2 | F9: 3.87 | G9: =IFERROR(F9/D9,0) | H9: =IFERROR(F9/E9,0) | I9: =IFERROR(F9/$F$14,0) | K9: Idea Confirmation | L9: 3.87
B10: 5 | C10: Other | D10: 4 | E10: 3 | F10: 2.65 | G10: =IFERROR(F10/D10,0) | H10: =IFERROR(F10/E10,0) | I10: =IFERROR(F10/$F$14,0) | K10: Other | L10: 2.65
B11: 6 | C11: Test Automation & Reporting | D11: 2 | E11: 2 | F11: 2.01 | G11: =IFERROR(F11/D11,0) | H11: =IFERROR(F11/E11,0) | I11: =IFERROR(F11/$F$14,0) | K11: Test Automation & Reporting | L11: 2.01
B12: 7 | C12: Test Case Management Research | D12: 3 | E12: 2 | F12: 1.66 | G12: =IFERROR(F12/D12,0) | H12: =IFERROR(F12/E12,0) | I12: =IFERROR(F12/$F$14,0) | K12: Test Case Management Research | L12: 1.66
B13: 8 | C13: Launch Creative | D13: 1 | E13: 1 | F13: 1.23 | G13: =IFERROR(F13/D13,0) | H13: =IFERROR(F13/E13,0) | I13: =IFERROR(F13/$F$14,0) | K13: Launch Creative | L13: 1.23
C14: TOTAL | D14: =SUM(D6:D13) | F14: =SUM(F6:F13) | I14: =SUM(I6:I13)

Sheet Daily Rollup
B2: Daily Rollup — Hours per Day (Latest First)
B3: Per-day totals sorted descending by date · Formula-backed from session evidence
B5: Date | C5: Day | D5: Total Hours | E5: Sessions | F5: Phases Touched | H5: Date | I5: Hours
B6: 2026-05-05 | C6: Tuesday | D6: 3 | E6: 1 | F6: Milestone Planning | H6: 2026-04-17 | I6: 3.37
B7: 2026-05-03 | D7: 7 | E7: 1 | F7: Milestone Planning | H7: 2026-04-18 | I7: 2.49
B8: 2026-04-27 | C8: Monday | D8: 10.04 | E8: 8 | F8: Design & Specifications · Development · Milestone Planning · Other · Test Automation & Reporting | H8: 2026-04-20 | I8: 1.5
B9: 2026-04-26 | C9: Sunday | D9: 9.36 | E9: 9 | F9: Design & Specifications · Development · Launch Creative · Milestone Planning | H9: 2026-04-21 | I9: 1.94
B10: 2026-04-25 | C10: Saturday | D10: 6.89 | E10: 6 | F10: Design & Specifications · Milestone Planning | H10: 2026-04-22 | I10: 1.5
B11: 2026-04-24 | C11: Friday | D11: 5.99 | E11: 9 | F11: Design & Specifications · Development · Milestone Planning · Other | H11: 2026-04-23 | I11: 6.81
B12: 2026-04-23 | C12: Thursday | D12: 6.81 | E12: 10 | F12: Design & Specifications · Development · Milestone Planning · Other | H12: 2026-04-24 | I12: 5.99
B13: 2026-04-22 | C13: Wednesday | D13: 1.5 | E13: 3 | F13: Design & Specifications · Milestone Planning | H13: 2026-04-25 | I13: 6.89
B14: 2026-04-21 | C14: Tuesday | D14: 1.94 | E14: 3 | F14: Design & Specifications · Milestone Planning | H14: 2026-04-26 | I14: 9.36
B15: 2026-04-20 | C15: Monday | D15: 1.5 | E15: 3 | F15: Design & Specifications · Idea Confirmation · Test Case Management Research | H15: 2026-04-27 | I15: 10.04
B16: 2026-04-18 | C16: Saturday | D16: 2.49 | E16: 3 | F16: Test Automation & Reporting · Test Case Management Research | H16: 2026-05-03 | I16: 7
B17: 2026-04-17 | C17: Friday | D17: 3.37 | E17: 1 | F17: Idea Confirmation | H17: 2026-05-05 | I17: 3
B18: TOTAL | D18: =SUM(D6:D17) | E18: =SUM(E6:E17)

Sheet Token Sessions
B2: Token Sessions — Per-Session Telemetry (Latest First)
B3: Memory-injection and context-preload token savings tracking · Sorted descending by date
B5: Date | C5: Day-N | D5: Worktree | E5: Started | F5: Ended | G5: Duration (min) | H5: Tool Calls | I5: Tokens In | J5: Tokens Out | K5: Cache Read | L5: Tokens Saved | M5: Cost USD | N5: In:Out Ratio | O5: Branch | P5: Commits | Q5: Source
B6: 2026-05-05 | C6: 9 | D6: MAIN | E6: 04:54 | F6: 13:09 | G6: 495 | H6: 575 | I6: 2222620 | J6: 266865 | K6: 41803760 | L6: 209350 | M6: 24.8784 | N6: 0 | O6: docs/m1-lessons-learned | P6: 16 | Q6: conversation
B7: 2026-05-04 | C7: 8 | D7: MAIN | E7: 11:27 | F7: 12:27 | G7: 60 | H7: 605 | I7: 57919271 | J7: 5050863 | K7: 2050437403 | L7: 220050 | M7: 908.0778 | N7: 0 | O7: main | P7: 12 | Q7: conversation
B8: 2026-05-04 | C8: 8 | D8: MAIN | E8: 11:44 | F8: 12:44 | G8: 60 | H8: 646 | I8: 16906939 | J8: 2050459 | K8: 1102221244 | L8: 235100 | M8: 424.8218 | N8: 0 | O8: main | P8: 12 | Q8: conversation
B9: 2026-05-04 | C9: 8 | D9: MAIN | E9: 12:33 | F9: 13:33 | G9: 60 | H9: 656 | I9: 29354349 | J9: 2836353 | K9: 1049822514 | L9: 238400 | M9: 467.5679 | N9: 0 | O9: main | P9: 13 | Q9: conversation
B10: 2026-04-28 | C10: 2 | D10: MAIN | E10: 04:30 | F10: 06:40 | G10: 130 | H10: 85 | I10: 170000 | J10: 42500 | K10: 0 | L10: 57400 | M10: 1.1475 | N10: 4 | O10: main | P10: 5 | Q10: heuristic
B11: 2026-04-28 | C11: 2 | D11: MAIN | E11: 08:20 | F11: 09:35 | G11: 75 | H11: 53 | I11: 106000 | J11: 26500 | K11: 0 | L11: 18850 | M11: 0.7155 | N11: 4 | O11: main | P11: 3 | Q11: heuristic
B12: 2026-04-28 | C12: 2 | D12: MAIN | E12: 13:35 | F12: 15:30 | G12: 115 | H12: 75 | I12: 150000 | J12: 37500 | K12: 0 | L12: 26800 | M12: 1.0125 | N12: 4 | O12: main | P12: 4 | Q12: heuristic
B13: 2026-04-27 | C13: 1 | D13: MAIN | E13: 06:00 | F13: 17:00 | G13: 660 | H13: 120 | I13: 240000 | J13: 60000 | K13: 0 | L13: 6450 | M13: 1.62 | N13: 4 | O13: main | P13: 17 | Q13: heuristic
B14: 2026-04-26 | C14: 0 | D14: BE | E14: <unknown> | F14: <unknown> | G14: 0 | H14: 0 | I14: 0 | J14: 0 | K14: 0 | L14: 0 | M14: 0 | N14: 0 | P14: 0 | Q14: <unknown>
B15: 2026-04-26 | C15: 0 | D15: FE | E15: <unknown> | F15: <unknown> | G15: 0 | H15: 0 | I15: 0 | J15: 0 | K15: 0 | L15: 0 | M15: 0 | N15: 0 | P15: 0 | Q15: <unknown>
B16: 2026-04-26 | C16: 0 | D16: MAIN | E16: <unknown> | F16: <unknown> | G16: 0 | H16: 0 | I16: 0 | J16: 0 | K16: 0 | L16: 0 | M16: 0 | N16: 0 | P16: 0 | Q16: <unknown>
B17: 2026-04-27 | C17: 1 | D17: BE | E17: <unknown> | F17: <unknown> | G17: 0 | H17: 0 | I17: 0 | J17: 0 | K17: 0 | L17: 0 | M17: 0 | N17: 0 | P17: 0 | Q17: <unknown>
B18: 2026-04-27 | C18: 1 | D18: FE | E18: <unknown> | F18: <unknown> | G18: 0 | H18: 0 | I18: 0 | J18: 0 | K18: 0 | L18: 0 | M18: 0 | N18: 0 | P18: 0 | Q18: <unknown>
B19: 2026-04-28 | C19: 2 | D19: BE | E19: <unknown> | F19: <unknown> | G19: 0 | H19: 0 | I19: 0 | J19: 0 | K19: 0 | L19: 0 | M19: 0 | N19: 0 | P19: 0 | Q19: <unknown>
B20: 2026-04-28 | C20: 2 | D20: FE | E20: <unknown> | F20: <unknown> | G20: 0 | H20: 0 | I20: 0 | J20: 0 | K20: 0 | L20: 0 | M20: 0 | N20: 0 | P20: 0 | Q20: <unknown>
B21: 2026-04-29 | C21: 3 | D21: BE | E21: <unknown> | F21: <unknown> | G21: 0 | H21: 0 | I21: 0 | J21: 0 | K21: 0 | L21: 0 | M21: 0 | N21: 0 | P21: 0 | Q21: <unknown>
B22: 2026-04-29 | C22: 3 | D22: FE | E22: <unknown> | F22: <unknown> | G22: 0 | H22: 0 | I22: 0 | J22: 0 | K22: 0 | L22: 0 | M22: 0 | N22: 0 | P22: 0 | Q22: <unknown>
B23: 2026-04-29 | C23: 3 | D23: MAIN | E23: <unknown> | F23: <unknown> | G23: 0 | H23: 0 | I23: 0 | J23: 0 | K23: 0 | L23: 0 | M23: 0 | N23: 0 | P23: 0 | Q23: <unknown>
B24: 2026-04-30 | C24: 4 | D24: BE | E24: <unknown> | F24: <unknown> | G24: 0 | H24: 0 | I24: 0 | J24: 0 | K24: 0 | L24: 0 | M24: 0 | N24: 0 | P24: 0 | Q24: <unknown>
B25: 2026-04-30 | C25: 4 | D25: FE | E25: <unknown> | F25: <unknown> | G25: 0 | H25: 0 | I25: 0 | J25: 0 | K25: 0 | L25: 0 | M25: 0 | N25: 0 | P25: 0 | Q25: <unknown>
... B35: 2026-05-03 | C35: 7 | D35: MAIN | E35: <unknown> | F35: <unknown> | G35: 0 | H35: 0 | I35: 0 | J35: 0 | K35: 0 | L35: 0 | M35: 0 | N35: 0 | P35: 0 | Q35: <unknown>
B36: 2026-05-05 | C36: 9 | D36: MAIN | E36: 04:54 | F36: 13:57 | G36: 543 | H36: 577 | I36: 4913355 | J36: 425912 | K36: 120295112 | L36: 209850 | M36: 60.9014 | N36: 0 | O36: docs/m1-lessons-learned | P36: 16 | Q36: conversation
B37: TOTAL | G37: =SUM(G6:G36) | H37: =SUM(H6:H36) | I37: =SUM(I6:I36) | J37: =SUM(J6:J36) | K37: =SUM(K6:K36) | L37: =SUM(L6:L36) | M37: =SUM(M6:M36) | P37: =SUM(P6:P36)

Sheet Token Daily Rollup
B2: Token Daily Rollup — Per-Date Totals (Latest First)
B3: Aggregated token telemetry by date · Formula-backed from Token Sessions sheet
B5: Date | C5: Day-N | D5: Total Sessions | E5: Total Hours | F5: Total Tool Calls | G5: Total Tokens In | H5: Total Tokens Out | I5: Total Tokens Saved | J5: Total Cost USD | K5: Avg Saved/Session
B6: 2026-05-05 | C6: 9 | D6: 1 | E6: 8.25 | F6: 575 | G6: 2222620 | H6: 266865 | I6: 209350 | J6: 24.8784 | K6: =IFERROR(I6/D6,0)
B7: 2026-05-04 | C7: 8 | D7: 3 | E7: 3 | F7: 1907 | G7: 104180559 | H7: 9937675 | I7: 693550 | J7: 1800.4675 | K7: =IFERROR(I7/D7,0)
B8: 2026-04-28 | C8: 2 | D8: 3 | E8: 5.3333333 | F8: 213 | G8: 426000 | H8: 106500 | I8: 103050 | J8: 2.8755 | K8: =IFERROR(I8/D8,0)
B9: 2026-04-27 | C9: 1 | D9: 1 | E9: 11 | F9: 120 | G9: 240000 | H9: 60000 | I9: 6450 | J9: 1.62 | K9: =IFERROR(I9/D9,0)
B10: TOTAL | D10: =SUM(D6:D9) | E10: =SUM(E6:E9) | F10: =SUM(F6:F9) | G10: =SUM(G6:G9) | H10: =SUM(H6:H9) | I10: =SUM(I6:I9) | J10: =SUM(J6:J9)

Sheet Token Comparison
B2: Token Comparison — Worktree-Level Rollup
B3: Aggregated token metrics by worktree · Formula-backed from Token Sessions
B5: Worktree | C5: Sessions | D5: Hours | E5: Tokens In | F5: Tokens Out | G5: Tokens Saved | H5: Cost USD | I5: Saved / Hour | J5: In:Out Ratio
B6: MAIN | C6: 8 | D6: 27.583333 | E6: 107069179 | F6: 10371040 | G6: 1012400 | H6: 1829.8414 | I6: =IFERROR(G6/D6,0) | J6: =IFERROR(E6/F6,0)
B7: GRAND TOTAL | C7: =SUM(C6:C6) | D7: =SUM(D6:D6) | E7: =SUM(E6:E6) | F7: =SUM(F6:F6) | G7: =SUM(G6:G6) | H7: =SUM(H6:H6) | I7: =IFERROR(G7/D7,0) | J7: =IFERROR(E7/F7,0)

Sheet Consolidated Report
B2: QA Nexus PM1 — Consolidated Management Report
B3: Effort evidence, delivery progress, and token-management ROI · Yogesh Mohite · 2026-04-17 to 2026-05-05
B5: 1. Executive Summary
B6: Built an AI-native QA management platform for Iksula's 8-person QA team — from blank-page idea to a working code base in 19 days. Validated the vision with market research and competitor analysis, locked the product spec (PRD v6), data model (ERD), and 18-milestone roadmap (PM1 MVP → v2 GA), designed 41 production-quality UI frames, then shipped development: 21-table Prisma schema with row-level security and pgvector indexes, F07 Founder Onboarding 3-step wizard, full CI/CD pipeline, and multiple PRs merged — all on $0/month free-tier infra. Token-management telemetry tracks 1M+ tokens saved through memory-injection and context-preload techniques.
B11: 2. Management KPIs
B12: Metric | C12: Value | D12: Formula Source | E12: Management Meaning
B13: Total Hours | C13: ='All Sessions'!E63 | D13: All Sessions | E13: Verifiable work effort available as management proof
B14: Work Sessions | C14: ='All Sessions'!F63 | D14: All Sessions | E14: Count of evidence rows supporting the effort story
B15: Active Days | C15: =COUNTA('Daily Rollup'!B6:B17) | D15: Daily Rollup | E15: Number of distinct days with logged development evidence
B16: Tokens Saved | C16: ='Token Comparison'!G7 | D16: Token Comparison | E16: Estimated savings from memory-management and context preload
B17: Est. Token Cost (USD) | C17: ='Token Comparison'!H7 | D17: Token Comparison | E17: Estimated model-token cost; separate from $0 infra posture
B18: Infra Cost | C18: $0.00 | D18: Cover | E18: All components run on confirmed free-tier hosting
B21: 3. Hours by Phase
B22: Phase | C22: Sessions | D22: Hours | E22: % of Total
B23: ='Phase Comparison'!C6 | C23: ='Phase Comparison'!D6 | D23: ='Phase Comparison'!F6 | E23: ='Phase Comparison'!I6
B24: ='Phase Comparison'!C7 | C24: ='Phase Comparison'!D7 | D24: ='Phase Comparison'!F7 | E24: ='Phase Comparison'!I7
B25: ='Phase Comparison'!C8 | C25: ='Phase Comparison'!D8 | D25: ='Phase Comparison'!F8 | E25: ='Phase Comparison'!I8
B26: ='Phase Comparison'!C9 | C26: ='Phase Comparison'!D9 | D26: ='Phase Comparison'!F9 | E26: ='Phase Comparison'!I9
B27: ='Phase Comparison'!C10 | C27: ='Phase Comparison'!D10 | D27: ='Phase Comparison'!F10 | E27: ='Phase Comparison'!I10
B28: ='Phase Comparison'!C11 | C28: ='Phase Comparison'!D11 | D28: ='Phase Comparison'!F11 | E28: ='Phase Comparison'!I11
B29: ='Phase Comparison'!C12 | C29: ='Phase Comparison'!D12 | D29: ='Phase Comparison'!F12 | E29: ='Phase Comparison'!I12
B30: ='Phase Comparison'!C13 | C30: ='Phase Comparison'!D13 | D30: ='Phase Comparison'!F13 | E30: ='Phase Comparison'!I13
B31: TOTAL | C31: ='Phase Comparison'!D14 | D31: ='Phase Comparison'!F14 | E31: ='Phase Comparison'!I14
B33: 4. Key Deliverables
B34: Strategy & Research | C34: Vision, market research, competitor UI review, problem framing, and QA domain research.
B35: Specifications & Design | C35: PRD/ERD evolution, 41-frame PM1 design system, UI tokens, and navigation contracts.
B36: Roadmap & Milestones | C36: M0-M18 milestone planning, PM4 initiative charters, registry, close reports, and delivery gates.
B37: Development | C37: Frontend/backend implementation, CI/CD gates, RBAC sweep, onboarding flows, fixes, and release artifacts.
B38: Token Management | C38: Memory-injection/context-preload savings tracking, daily token rollups, and explicit data-quality notes.
B41: 5. Cost Posture
B42: Every infrastructure component runs on free-tier hosting confirmed at $0/month: Cloudflare Pages (frontend, unlimited bandwidth) + Render Hobby (NestJS API, 750 hr/mo) + Neon Postgres (0.5 GB, currently ~2% used) + Cloudflare R2 (10 GB storage) + Resend (3,000 emails/mo) + Groq API (1k RPD primary + 14.4k RPD fast) + Grafana Cloud (observability) + Better Stack (alerting) + UptimeRobot (keep-alive). Total monthly spend confirmed: $0.00.
B46: 6. Milestone Progress
B47: M0 Setup (target 2026-05-10): Completed with 102 commits, 17 PASS / 0 FAIL / 2 DEFERRED to M1.5. Day 0-1 closed P0 critical-path work — schema, F06 Sign In, F07 Onboarding, hooks, CI. M1 (closed 2026-05-05): RBAC sweep 54/54 pass, 47 PRs merged, 358 tests, 21/41 frames complete. Currently on track for M2 delivery.

Sheet Idea Confirmation
B2: Idea Confirmation — Session Evidence
B3: Phase 1 — vision, market research, problem statement, solution design, mockups, competitive analysis, flow diagrams.
B5: Date | C5: Day | D5: Timing | E5: Hours | F5: Files | G5: Evidence / Theme | H5: What I Did
B6: 2026-04-20 | C6: Monday | D6: 10:28 PM – 10:28 PM | E6: 0.5 | F6: 1 | G6: QA_Nexus_Brainstorm.md
B7: 2026-04-17 | C7: Friday | D7: 8:22 PM – 11:30 PM | E7: 3.37 | F7: 14 | G7: QA_Roles_Documents_Reference_Guide.md · QA_Nexus_Platform_Vision.md · problem-landscape.drawio
B8: GRAND TOTAL | E8: =SUM(E6:E7) | F8: =SUM(F6:F7)

Sheet Test Case Management Research
B2: Test Case Management Research — Session Evidence
B3: Phase 2 — test management & optimization, test reporting & analytics, automation/Playwright research, brainstorm, UI/UX design doc.
B5: Date | C5: Day | D5: Timing | E5: Hours | F5: Files | G5: Evidence / Theme | H5: What I Did
B6: 2026-04-20 | C6: Monday | D6: 8:21 PM – 8:21 PM | E6: 0.5 | F6: 1 | G6: brainstorm.md
B7: 2026-04-18 | C7: Saturday | D7: 11:47 AM – 12:10 PM | E7: 0.63 | F7: 12 | G7: 01_Test_Management_and_Optimization.md · 02_Test_Reporting_and_Analytics.md · 03_Automation_Playwright.md
B8: 2026-04-18 | C8: Saturday | D8: 7:37 PM – 7:54 PM | E8: 0.53 | F8: 8 | G8: COMPETITOR_UI_RESEARCH.md · CONTEXTQA_ANALYSIS.md · DESIGN_INSPIRATION.md
B9: GRAND TOTAL | E9: =SUM(E6:E8) | F9: =SUM(F6:F8)

Sheet Test Automation & Reporting
B2: Test Automation & Reporting — Session Evidence
B3: Phase 3 — BrowserStack AI Agents research + masterclass video transcription + Word doc finalisation.
B5: Date | C5: Day | D5: Timing | E5: Hours | F5: Files | G5: Evidence / Theme | H5: What I Did
B6: 2026-04-27 | C6: Monday | D6: 9:44 PM – 10:10 PM | E6: 0.68 | F6: 3 | G6: BrowserStack AI Agents — Document Finalisation
B7: 2026-04-18 | C7: Saturday | D7: 9:31 AM – 10:36 AM | E7: 1.33 | F7: 15 | G7: BrowserStack AI Agents Research & Documentation
B8: GRAND TOTAL | E8: =SUM(E6:E7) | F8: =SUM(F6:F7)

Sheet Design & Specifications
B2: Design & Specifications — Session Evidence
B3: Phase 4 — PRD V4-V6 (Blueprint Forge), ERD (full data model), 41 PM1 UI v2 locked HTML frames, master brainstorm, project analysis, tech stack research.
B5: Date | C5: Day | D5: Timing | E5: Hours | F5: Files | G5: Evidence / Theme | H5: What I Did
B6: 2026-04-27 | C6: Monday | D6: 10:35 AM – 10:49 AM | E6: 0.5 | F6: 153 | G6: QA_Nexus_Tech_Stack.docx · ERD.docx · ERD.drawio
B7: 2026-04-26 | C7: Sunday | D7: 2:40 PM – 2:42 PM | E7: 0.5 | F7: 4 | G7: PRD.md · PRD.md · ERD.md
B8: 2026-04-26 | C8: Sunday | D8: 3:57 PM – 3:58 PM | E8: 0.5 | F8: 2 | G8: PM1_ERD.md · PM1_ERD.md
B9: 2026-04-26 | C9: Sunday | D9: 8:43 PM – 8:44 PM | E9: 0.5 | F9: 5 | G9: PM1_PRD.md · CLAUDE_KICKOFF_PROMPT.md · 01_SYSTEM.md
B10: 2026-04-25 | C10: Saturday | D10: 8:26 AM – 8:26 AM | E10: 0.5 | F10: 2 | G10: F14m3 Convert to Jira Story Modal.html · F14m3 Convert to Jira Story Modal.html
B11: 2026-04-25 | C11: Saturday | D11: 9:21 PM – 10:43 PM | E11: 1.62 | F11: 20 | G11: QA_Nexus_Master_Brainstorm.md · QA_Nexus_Master_Brainstorm.md · project_analysis.md
B12: 2026-04-25 | C12: Saturday | D12: 9:41 AM – 12:43 PM | E12: 3.27 | F12: 26 | G12: F15 Knowledge Base.html · F15 Knowledge Base.html · F16a Test Case Method Chooser.html
B13: 2026-04-24 | C13: Friday | D13: 11:11 PM – 12:12 AM | E13: 1.27 | F13: 16 | G13: F06b Set Reset Password.html · F06b Set Reset Password.html · F06c Reset Password.html
B14: 2026-04-24 | C14: Friday | D14: 11:51 AM – 12:28 PM | E14: 0.87 | F14: 16 | G14: 01-home.html · 02-test-cases.html · 03-ai-generator.html
B15: 2026-04-24 | C15: Friday | D15: 6:05 PM – 6:23 PM | E15: 0.55 | F15: 36 | G15: F07 First-Run Onboarding.html · F07 First-Run Onboarding.html · F06 Sign In.html
B16: 2026-04-24 | C16: Friday | D16: 7:54 PM – 8:27 PM | E16: 0.8 | F16: 4 | G16: 05_ANALYSE_AND_GOVERN.md · 05_ANALYSE_AND_GOVERN.md · 02_ENTRY_AND_HOME.md
B17: 2026-04-24 | C17: Friday | D17: 9:51 PM – 9:51 PM | E17: 0.5 | F17: 2 | G17: PROJECT_UI_DESIGN_TOKENS.json · PROJECT_UI_DESIGN_TOKENS.json
... B27: 2026-04-20 | C27: Monday | D27: 9:22 PM – 9:22 PM | E27: 0.5 | F27: 1 | G27: wireframe.html
B28: GRAND TOTAL | E28: =SUM(E6:E27) | F28: =SUM(F6:F27)

Sheet Milestone Planning
B2: Milestone Planning — Session Evidence
B3: Phase 5 — M0-M18 milestone decomposition, MILESTONE_REGISTRY, PM4 initiative charters, sync reports, audit remediation waves.
B5: Date | C5: Day | D5: Timing | E5: Hours | F5: Files | G5: Evidence / Theme | H5: What I Did
B6: 2026-05-05 | C6: Tuesday | D6: 10:00 AM – 1:00 PM | E6: 3 | F6: 8 | G6: M1 close ceremony | H6: M1 close ceremony — Day 9+10 combined. RBAC sweep 54/54 pass. Audit chain env-skip (no local DATABASE_URL). Filed m1-close-report.md (47 PRs, 358 tests, 21/41 frames, $0/month). Pushed tag m1-closed-2026-05-05. Posted m1-closed-announcement. Wrote Day-9+10-combined EOD report. PR #48 fix(web): f27 /admin/users 404 — users-api.ts relative URL fixed to NEXT_PUBLIC_API_BASE_URL (BE wiring was correct; FE bug). Bonus: better-auth pnpm hoist applied.
B7: 2026-05-03 | E7: 7 | F7: 80 | G7: M0 close ceremony | H7: M0 close ceremony — Steps A-I + Step E. PRs #21+#22+#23+#24 squash-merged; PR #25 (FE M2) opened as Draft. Followups (t) closed via PR #24, (u)+(v) filed. CLAUDE.md Hard Rule #3 updated for 3-folder frame inventory post Claude Design v2 supersede. M0 completion report at docs/milestones/M0_completion_report.md. 4th halt-to-root-cause pattern codified (refined pre-merge gate: compare PR vs main, only NEW failures gate). 102 commits over M0 window, 17 PASS / 0 FAIL / 2 DEFERRED to M1.5. Final main HEAD 44b06ef.
B8: 2026-04-27 | C8: Monday | D8: 10:47 AM – 10:49 AM | E8: 0.5 | F8: 248 | G8: AUDIT_REMEDIATION_WAVE_3_REPORT.md · FINAL_REVIEW.md · FINAL_REVIEW_MVP_ARCHIVE.md
B9: 2026-04-26 | C9: Sunday | D9: 3:45 PM – 3:45 PM | E9: 0.5 | F9: 1 | G9: Milestone_M0_Setup_v8.md
B10: 2026-04-26 | C10: Sunday | D10: 5:52 PM – 5:53 PM | E10: 0.5 | F10: 2 | G10: Milestone_M5_Automation_Basic_Reports_MVP_Launch.md · Milestone_M5_Automation_Basic_Reports_MVP_Launch.md
B11: 2026-04-26 | C11: Sunday | D11: 8:54 PM – 8:54 PM | E11: 0.5 | F11: 1 | G11: Milestone_M0_Setup_v8.md
B12: 2026-04-25 | C12: Saturday | D12: 11:00 PM – 11:02 PM | E12: 0.5 | F12: 23 | G12: Milestone_M1_Users_Roles.md · Milestone_M1_Users_Roles.md · Milestone_M2_Docs_KB.md
B13: 2026-04-25 | C13: Saturday | D13: 7:09 PM – 7:09 PM | E13: 0.5 | F13: 72 | G13: gantt.png · gantt.png · risk_heatmap.png
B14: 2026-04-25 | C14: Saturday | D14: 9:22 PM – 9:32 PM | E14: 0.5 | F14: 6 | G14: Milestone_M0_Setup.md · Milestone_M0_Setup.md · Milestone_M0_Setup.md
B15: 2026-04-24 | C15: Friday | D15: 3:41 PM – 3:41 PM | E15: 0.5 | F15: 2 | G15: Milestone_M17_Enterprise_Auth_Slack.md · Milestone_M17_Enterprise_Auth_Slack.md
B16: 2026-04-24 | C16: Friday | D16: 7:40 PM – 7:40 PM | E16: 0.5 | F16: 2 | G16: MILESTONE_REGISTRY.md · MILESTONE_REGISTRY.md
B17: 2026-04-23 | C17: Thursday | D17: 12:11 PM – 12:51 PM | E17: 0.92 | F17: 60 | G17: SYNC_REPORT_MVP_ARCHIVE.md · SYNC_REPORT_MVP_ARCHIVE.md · Milestone_M10_AI_Product_Tester.md
B18: 2026-04-22 | C18: Wednesday | D18: 10:25 PM – 10:26 PM | E18: 0.5 | F18: 3 | G18: Milestone_M5_Automation_Basic_Reports_MVP_Launch.md · Milestone_M3_Test_Cases_AI.md · Milestone_M3_Test_Cases_AI.md
B19: 2026-04-21 | C19: Tuesday | D19: 12:35 AM – 1:10 AM | E19: 0.82 | F19: 76 | G19: gantt.png · gantt.png · risk_heatmap.png
B20: 46148 | C20: Wednesday | D20: 10:00 AM – 4:39 PM | E20: 6.65 | F20: 30 | G20: Day-11 M2 cascade + xlsx swap + Rule 14 | H20: MAIN session: skill audit PR #50, ctx-discipline #54, compound-learnings backfill #56, professional xlsx swap with 26-row backfill #59, Hard Rule 14 codified #64, EOD MAIN section #65. Cascade through 75min GHA outage 13:30-14:45 IST. 13+ PRs auto-merged across MAIN/BE+1/FE+1.
B21: 46149 | C21: Thursday | D21: 06:50 AM – 5:00 PM | E21: 10.2 | F21: 18 | G21: Day-12 / M2 Close Ceremony — 2-day vs 4-day plan | H21: M2 closed 2 days ahead of plan (2x cadence). 16 PRs merged today across MAIN orchestration: morning Hard Rule 14 retrofit audit (#68), sessions-stream correlation hook (#76), Day-11 backfill (#67); afternoon BE/FE M2 cascade: prettier-write fix (#79) unblocking #77 #78; #78 BE M2 KB doc-create endpoint closes (al) blocker; #69 AdminShell v2 + #71 F13 flip + #80 F12 flip + #72 F15 flip merged in 16-min burst at 15:36-15:52 IST once visual-gate flags dropped; ceremony at 16:00-16:38 IST: close-gate sweep 69/69 ✅, audit chain env-skip documented, close report drafted (#81), tag m2-closed-2026-05-07 pushed at commit 498f206, EOD report drafted (#82). Carry-overs: (am) Rule 14 retrofit on F08+F09, (ae) embedding-spec direction call, Render staging Yogesh action, (ap) playwright cold-install cache.
B22: GRAND TOTAL | E22: =SUM(E6:E21) | F22: =SUM(F6:F21)

Sheet Launch Creative
B2: Launch Creative — Session Evidence
B3: Phase 6 — animated stack visualisation (3 versions), LinkedIn poster PNG + PDF, MP4 launch video, launch post copy.
B5: Date | C5: Day | D5: Timing | E5: Hours | F5: Files | G5: Evidence / Theme | H5: What I Did
B6: 2026-04-26 | C6: Sunday | D6: 1:17 PM – 2:17 PM | E6: 1.23 | F6: 9 | G6: qa-nexus-stack-diagram.svg · qa-nexus-stack-animated.html · qa-nexus-stack-logos.svg
B7: GRAND TOTAL | E7: =SUM(E6:E6) | F7: =SUM(F6:F6)

Sheet Development
B2: Development — Session Evidence
B3: Phase 7 — Day-0 dev infra (Cloudflare, GitHub, hooks, kickoff doc) + Day-1+ code (Prisma schema, F07 wizard, Neon, PRs merged, RBAC sweep).
B5: Date | C5: Day | D5: Timing | E5: Hours | F5: Files | G5: Evidence / Theme | H5: What I Did
B6: 2026-04-27 | C6: Monday | D6: 10:04 AM – 11:31 AM | E6: 1.68 | F6: 234 | G6: memory.md · api.md · database.md
B7: 2026-04-27 | C7: Monday | D7: 1:19 PM – 1:19 PM | E7: 0.5 | F7: 16 | G7: audit-log.sh · report-token-savings.sh · check-secrets.sh
B8: 2026-04-27 | C8: Monday | D8: 2:25 PM – 4:12 PM | E8: 2.03 | F8: 49 | G8: token-savings.jsonl · block-dangerous.sh · .gitleaks.toml
B9: 2026-04-27 | C9: Monday | D9: 5:58 PM – 8:44 PM | E9: 3 | F9: 143 | G9: settings.local.json · deploy-check.md · sync-worktree.md
B10: 2026-04-26 | C10: Sunday | D10: 2:29 PM – 2:29 PM | E10: 0.5 | F10: 574 | G10: e9502cdb · 3a4bb885 · 3147a1e3
B11: 2026-04-26 | C11: Sunday | D11: 5:56 PM – 10:20 PM | E11: 4.63 | F11: 126 | G11: .editorconfig · .prettierrc.json · .nvmrc
B12: 2026-04-24 | C12: Friday | D12: 10:46 PM – 10:46 PM | E12: 0.5 | F12: 1 | G12: settings.local.json
B13: 2026-04-23 | C13: Thursday | D13: 11:03 AM – 11:03 AM | E13: 0.5 | F13: 1 | G13: PROJECT_DOCUMENT_AUDIT_REPORT.md
B14: 2026-04-23 | C14: Thursday | D14: 12:06 PM – 12:06 PM | E14: 0.5 | F14: 1 | G14: PROJECT_ROADMAP.md
B15: 46140 | E15: 8 | F15: 50 | G15: Skill features push (89%→96% conformance) | H15: MAIN solo, 5-block skill-features push. See docs/eod-reports/2026-04-28-day-2.md.
B16: 46141 | C16: Wednesday | D16: 10 AM – 6 PM IST (PLACEHOLDER — refine per actual sessions) | E16: 8 | F16: 60 | G16: Deploy prep-pack + R2 service + ADRs + T031 e2e + T018 weekly backup | H16: 5-phase day: 4 runbooks (render/r2/uptimerobot/resend) + R2 service code (14 jest tests) + Playwright e2e scaffold + weekly Postgres backup workflow + restore runbook. ADR-004 + ADR-005. See docs/eod-reports/2026-04-29-day-3.md.
B17: 46142 | C17: Thursday | D17: 10 AM – 7 PM IST (PLACEHOLDER — refine per actual sessions) | E17: 9 | F17: 80 | G17: 5 BE hotfixes + 2 PRs merged + 6 dashboard services provisioned | H17: Day-4 boot regression chain (NestOtelLogger -> Graceful -> pnpm dup-key -> sharp 0.33 -> bge-small swap). PR #17 (F09+F10 seed-cent) + PR #19 (F12+F13 uploads). All 6 dashboard services live. ADR-009 + ADR-003 amendment. Followups (i)+(j) closed, (k) dropped, (l)+(m) filed. See docs/eod-reports/2026-04-30-day-4.md.
B18: 46148 | C18: Wednesday | D18: 11:30 AM – 5:45 PM | E18: 6.25 | F18: 10 | G18: M2 TASK 1 F12 KB Upload + AdminShell fix | H18: FE+1 session: F12 KB Upload Modal Pattern A scaffold (PR #52, merged 12:13 IST), AdminShell wrap fix on F12+F13 (PR #63, post visual-gate catch), Day-11 EOD + compound-learnings + sessions-stream init (PR #55). Idle Thu morning until BE /api/kb/upload-init lands.
B19: 46148 | C19: Wednesday | D19: 11:30 AM – 3:30 PM | E19: 4 | F19: 25 | G19: M2 deploy + chunk-search + RAG pipeline | H19: BE+1 session: M2 staging deploy artifacts + ADR-011 (PR #51 rebased to 577e975), chunk-search real pgvector flip (PR #53), KB RAG /api/kb/answer + ADR-012 (PR #57). 14 new tests, 325/325 BE suite. Compound-learning: citation marker = chunk header (no drift).
B20: 46155 | C20: Wednesday | D20: 10:00 AM – 10:30 PM | E20: 12.5 | F20: 28 | G20: Day-17 M3 close ceremony + 4-PR auth saga + M3 close PR | H20: M3 OFFICIALLY CLOSED at 22:55 IST. 13 PRs merged today (#129 #130 #131 #132 #133 #134 #137 #138 #139 #135 #136 #141 #142). 9-PR BetterAuth fix chain finally complete (Day-15 5-PR + Day-17 4-PR saga: #137 Gmail prefetch intermediate confirm page, #138 zod scoped override for @better-auth/core + 4-layer proof, #139 drop /auth/ prefix in sendMagicLink URL, plus BetterAuth >=1.6.11 hardcoded single-use atomic consumption discovery). Magic-link end-to-end confirmed green by Yogesh through Gmail at 21:00 IST. F19 Run Console + AdminShell canonical realignment landed. CLAUDE.md amended with Hard Rule 14 (AdminShell F19-canonical) + Hard Rule 16 NEW (canonical-first port workflow 8 steps). 12 close-ceremony artifacts shipped in PR #141 + PR #142 (M2+M3 retro). Tag m3-closed-2026-05-13 anchored at SHA a98797b (#139 — auth-chain-complete commit). 52 PRs across M3 sprint (6 calendar days / ~3.6 working days).
B21: GRAND TOTAL | E21: =SUM(E6:E20) | F21: =SUM(F6:F20)

Sheet Other
B2: Other — Session Evidence
B3: Misc files that did not match any phase classifier — review and re-categorise if needed.
B5: Date | C5: Day | D5: Timing | E5: Hours | F5: Files | G5: Evidence / Theme | H5: What I Did
B6: 2026-04-27 | C6: Monday | D6: 8:55 PM – 9:49 PM | E6: 1.15 | F6: 3 | G6: .~lock.QA_Nexus_Work_Hours_Log.xlsx# · lu1418u8yh.tmp · lu13993vzx.tmp
B7: 2026-04-24 | C7: Friday | D7: 10:46 PM – 10:46 PM | E7: 0.5 | F7: 1 | G7: settings.local.json
B8: 2026-04-23 | C8: Thursday | D8: 11:03 AM – 11:03 AM | E8: 0.5 | F8: 1 | G8: PROJECT_DOCUMENT_AUDIT_REPORT.md
B9: 2026-04-23 | C9: Thursday | D9: 12:06 PM – 12:06 PM | E9: 0.5 | F9: 1 | G9: PROJECT_ROADMAP.md
B10: GRAND TOTAL | E10: =SUM(E6:E9) | F10: =SUM(F6:F9)

Sheet Tokens — Sessions
A1: Date | B1: Day-N | C1: Worktree | D1: Started | E1: Ended | F1: Duration (min) | G1: Tool Calls | H1: Tokens In | I1: Tokens Out | J1: Cache Read | K1: Tokens Saved | L1: Cost USD | M1: In:Out Ratio | N1: Branch | O1: Commits | P1: Source
A2: 2026-04-26 | B2: 0 | C2: BE | D2: <unknown> | E2: <unknown> | F2: 0 | G2: 0 | H2: 0 | I2: 0 | J2: 0 | K2: 0 | L2: 0 | M2: 0 | O2: 0 | P2: <unknown>
A3: 2026-04-26 | B3: 0 | C3: FE | D3: <unknown> | E3: <unknown> | F3: 0 | G3: 0 | H3: 0 | I3: 0 | J3: 0 | K3: 0 | L3: 0 | M3: 0 | O3: 0 | P3: <unknown>
A4: 2026-04-26 | B4: 0 | C4: MAIN | D4: <unknown> | E4: <unknown> | F4: 0 | G4: 0 | H4: 0 | I4: 0 | J4: 0 | K4: 0 | L4: 0 | M4: 0 | O4: 0 | P4: <unknown>
A5: 2026-04-27 | B5: 1 | C5: BE | D5: <unknown> | E5: <unknown> | F5: 0 | G5: 0 | H5: 0 | I5: 0 | J5: 0 | K5: 0 | L5: 0 | M5: 0 | O5: 0 | P5: <unknown>
A6: 2026-04-27 | B6: 1 | C6: FE | D6: <unknown> | E6: <unknown> | F6: 0 | G6: 0 | H6: 0 | I6: 0 | J6: 0 | K6: 0 | L6: 0 | M6: 0 | O6: 0 | P6: <unknown>
A7: 2026-04-27 | B7: 1 | C7: MAIN | D7: 06:00 | E7: 17:00 | F7: 660 | G7: 120 | H7: 240000 | I7: 60000 | J7: 0 | K7: 6450 | L7: 1.62 | M7: 4 | N7: main | O7: 17 | P7: heuristic
A8: 2026-04-28 | B8: 2 | C8: BE | D8: <unknown> | E8: <unknown> | F8: 0 | G8: 0 | H8: 0 | I8: 0 | J8: 0 | K8: 0 | L8: 0 | M8: 0 | O8: 0 | P8: <unknown>
A9: 2026-04-28 | B9: 2 | C9: FE | D9: <unknown> | E9: <unknown> | F9: 0 | G9: 0 | H9: 0 | I9: 0 | J9: 0 | K9: 0 | L9: 0 | M9: 0 | O9: 0 | P9: <unknown>
A10: 2026-04-28 | B10: 2 | C10: MAIN | D10: 04:30 | E10: 06:40 | F10: 130 | G10: 85 | H10: 170000 | I10: 42500 | J10: 0 | K10: 57400 | L10: 1.1475 | M10: 4 | N10: main | O10: 5 | P10: heuristic
A11: 2026-04-28 | B11: 2 | C11: MAIN | D11: 08:20 | E11: 09:35 | F11: 75 | G11: 53 | H11: 106000 | I11: 26500 | J11: 0 | K11: 18850 | L11: 0.7155 | M11: 4 | N11: main | O11: 3 | P11: heuristic
A12: 2026-04-28 | B12: 2 | C12: MAIN | D12: 13:35 | E12: 15:30 | F12: 115 | G12: 75 | H12: 150000 | I12: 37500 | J12: 0 | K12: 26800 | L12: 1.0125 | M12: 4 | N12: main | O12: 4 | P12: heuristic
A13: 2026-04-29 | B13: 3 | C13: BE | D13: <unknown> | E13: <unknown> | F13: 0 | G13: 0 | H13: 0 | I13: 0 | J13: 0 | K13: 0 | L13: 0 | M13: 0 | O13: 0 | P13: <unknown>
A14: 2026-04-29 | B14: 3 | C14: FE | D14: <unknown> | E14: <unknown> | F14: 0 | G14: 0 | H14: 0 | I14: 0 | J14: 0 | K14: 0 | L14: 0 | M14: 0 | O14: 0 | P14: <unknown>
A15: 2026-04-29 | B15: 3 | C15: MAIN | D15: <unknown> | E15: <unknown> | F15: 0 | G15: 0 | H15: 0 | I15: 0 | J15: 0 | K15: 0 | L15: 0 | M15: 0 | O15: 0 | P15: <unknown>
A16: 2026-04-30 | B16: 4 | C16: BE | D16: <unknown> | E16: <unknown> | F16: 0 | G16: 0 | H16: 0 | I16: 0 | J16: 0 | K16: 0 | L16: 0 | M16: 0 | O16: 0 | P16: <unknown>
A17: 2026-04-30 | B17: 4 | C17: FE | D17: <unknown> | E17: <unknown> | F17: 0 | G17: 0 | H17: 0 | I17: 0 | J17: 0 | K17: 0 | L17: 0 | M17: 0 | O17: 0 | P17: <unknown>
A18: 2026-04-30 | B18: 4 | C18: MAIN | D18: <unknown> | E18: <unknown> | F18: 0 | G18: 0 | H18: 0 | I18: 0 | J18: 0 | K18: 0 | L18: 0 | M18: 0 | O18: 0 | P18: <unknown>
A19: 2026-05-01 | B19: 5 | C19: BE | D19: <unknown> | E19: <unknown> | F19: 0 | G19: 0 | H19: 0 | I19: 0 | J19: 0 | K19: 0 | L19: 0 | M19: 0 | O19: 0 | P19: <unknown>
A20: 2026-05-01 | B20: 5 | C20: FE | D20: <unknown> | E20: <unknown> | F20: 0 | G20: 0 | H20: 0 | I20: 0 | J20: 0 | K20: 0 | L20: 0 | M20: 0 | O20: 0 | P20: <unknown>
A21: 2026-05-01 | B21: 5 | C21: MAIN | D21: <unknown> | E21: <unknown> | F21: 0 | G21: 0 | H21: 0 | I21: 0 | J21: 0 | K21: 0 | L21: 0 | M21: 0 | O21: 0 | P21: <unknown>
A22: 2026-05-02 | B22: 6 | C22: BE | D22: <unknown> | E22: <unknown> | F22: 0 | G22: 0 | H22: 0 | I22: 0 | J22: 0 | K22: 0 | L22: 0 | M22: 0 | O22: 0 | P22: <unknown>
A23: 2026-05-02 | B23: 6 | C23: FE | D23: <unknown> | E23: <unknown> | F23: 0 | G23: 0 | H23: 0 | I23: 0 | J23: 0 | K23: 0 | L23: 0 | M23: 0 | O23: 0 | P23: <unknown>
A24: 2026-05-02 | B24: 6 | C24: MAIN | D24: <unknown> | E24: <unknown> | F24: 0 | G24: 0 | H24: 0 | I24: 0 | J24: 0 | K24: 0 | L24: 0 | M24: 0 | O24: 0 | P24: <unknown>
... A27: 2026-05-03 | B27: 7 | C27: MAIN | D27: <unknown> | E27: <unknown> | F27: 0 | G27: 0 | H27: 0 | I27: 0 | J27: 0 | K27: 0 | L27: 0 | M27: 0 | O27: 0 | P27: <unknown>
A28: 2026-05-04 | B28: 8 | C28: MAIN | D28: 11:27 | E28: 12:27 | F28: 60 | G28: 605 | H28: 57919271 | I28: 5050863 | J28: 2050437403 | K28: 220050 | L28: 908.0778 | M28: 0 | N28: main | O28: 12 | P28: conversation
A29: 2026-05-09 | B29: 13 | C29: MAIN | D29: 09:04 | E29: 10:04 | F29: 60 | G29: 713 | H29: 46306825 | I29: 4100478 | J29: 1588281389 | K29: 259050 | L29: 711.6376 | M29: 0 | N29: main | O29: 17 | P29: conversation
A30: 2026-05-09 | B30: 13 | C30: MAIN | D30: 09:33 | E30: 10:33 | F30: 60 | G30: 753 | H30: 10000776 | I30: 1227563 | J30: 488403924 | K30: 273850 | L30: 202.436 | M30: 0 | N30: main | O30: 18 | P30: conversation
A31: 2026-05-09 | B31: 13 | C31: MAIN | D31: 09:34 | E31: 10:34 | F31: 60 | G31: 756 | H31: 45415145 | I31: 4184424 | J31: 2218825186 | K31: 275400 | L31: 898.7018 | M31: 0.01 | N31: main | O31: 18 | P31: conversation
A32: 2026-05-13 | B32: 17 | C32: MAIN | D32: 16:36 | E32: 17:36 | F32: 60 | G32: 718 | H32: 32787696 | I32: 1825184 | J32: 1361049886 | K32: 261100 | L32: 558.6419 | M32: 0 | N32: docs/m3-retro | O32: 15 | P32: conversation

Sheet Tokens — Daily Rollup
A1: Date | B1: Day-N | C1: Total Sessions | D1: Total Hours | E1: Total Tool Calls | F1: Total Tokens In | G1: Total Tokens Out | H1: Total Tokens Saved | I1: Total Cost USD
A2: 2026-04-27 | B2: 1 | C2: 1 | D2: 11 | E2: 120 | F2: 240000 | G2: 60000 | H2: 6450 | I2: 1.62
A3: 2026-04-28 | B3: 2 | C3: 3 | D3: 5.33 | E3: 213 | F3: 426000 | G3: 106500 | H3: 103050 | I3: 2.8755
A4: 2026-05-04 | B4: 8 | C4: 1 | D4: 1 | E4: 605 | F4: 57919271 | G4: 5050863 | H4: 220050 | I4: 908.0778
A5: 2026-05-09 | B5: 13 | C5: 3 | D5: 3 | E5: 2222 | F5: 101722746 | G5: 9512465 | H5: 808300 | I5: 1812.7754
A6: 2026-05-13 | B6: 17 | C6: 1 | D6: 1 | E6: 718 | F6: 32787696 | G6: 1825184 | H6: 261100 | I6: 558.6419

Sheet Tokens — Per-Chat Comparison
A1: Worktree | B1: Sessions | C1: Hours | D1: Tool Calls | E1: Tokens In | F1: Tokens Out | G1: Tokens Saved | H1: Cost USD | I1: Tokens Saved/Hour | J1: In:Out Ratio
A2: MAIN | B2: 9 | C2: 21.33 | D2: 3878 | E2: 193095713 | F2: 16555012 | G2: 1398950 | H2: 3283.9906 | I2: 65586 | J2: 11.66
A3: GRAND TOTAL | B3: 9 | C3: 21.33 | D3: 3878 | E3: 193095713 | F3: 16555012 | G3: 1398950 | H3: 3283.9906 | I3: 65586 | J3: 11.66

Sheet Backfill_Notes
A1: Date | B1: Worktree | C1: Field | D1: Reason | E1: Mitigation
A2: 2026-04-27 | B2: MAIN | C2: Tokens In/Out | D2: Conversation file ~/.claude/projects/.../d1-main.jsonl missing or empty | E2: Heuristic estimate (tool_calls × 2000 in / × 500 out); refine when conversation reachable
A3: 2026-04-28 | B3: MAIN | C3: Tokens In/Out | D3: Conversation file ~/.claude/projects/.../d2-morni.jsonl missing or empty | E3: Heuristic estimate (tool_calls × 2000 in / × 500 out); refine when conversation reachable
A4: 2026-04-28 | B4: MAIN | C4: Tokens In/Out | D4: Conversation file ~/.claude/projects/.../d2-eveni.jsonl missing or empty | E4: Heuristic estimate (tool_calls × 2000 in / × 500 out); refine when conversation reachable
A5: 2026-04-28 | B5: MAIN | C5: Tokens In/Out | D5: Conversation file ~/.claude/projects/.../d2-stret.jsonl missing or empty | E5: Heuristic estimate (tool_calls × 2000 in / × 500 out); refine when conversation reachable
A6: 2026-04-26 | B6: MAIN | C6: All token + hours fields | D6: Stop hook didn't write a token-savings.jsonl row on 2026-04-26 (likely session cleanly closed without Stop event, OR session crossed midnight UTC) | E6: Reconstruct hours from docs/eod-reports/2026-04-26-day-0.md; tokens unrecoverable for past sessions
A7: 2026-04-26 | B7: FE | C7: All token + hours fields | D7: FE worktree Stop hook NEVER fired (audit.jsonl absent — Bug A in token-tracking-diagnostic-2026-05-04.md) | E7: Operator self-report from FE+1 EOD summary; followup (z) to investigate hook activation Day 9 morning
A8: 2026-04-26 | B8: BE | C8: All token + hours fields | D8: BE worktree Stop hook fired through 2026-04-28 then stopped (Bug B in diagnostic doc) | E8: Operator self-report from BE+1 EOD summary; same followup (z) as FE
A9: 2026-04-27 | B9: FE | C9: All token + hours fields | D9: FE worktree Stop hook NEVER fired (audit.jsonl absent — Bug A in token-tracking-diagnostic-2026-05-04.md) | E9: Operator self-report from FE+1 EOD summary; followup (z) to investigate hook activation Day 9 morning
A10: 2026-04-27 | B10: BE | C10: All token + hours fields | D10: BE worktree Stop hook fired through 2026-04-28 then stopped (Bug B in diagnostic doc) | E10: Operator self-report from BE+1 EOD summary; same followup (z) as FE
A11: 2026-04-28 | B11: FE | C11: All token + hours fields | D11: FE worktree Stop hook NEVER fired (audit.jsonl absent — Bug A in token-tracking-diagnostic-2026-05-04.md) | E11: Operator self-report from FE+1 EOD summary; followup (z) to investigate hook activation Day 9 morning
A12: 2026-04-28 | B12: BE | C12: All token + hours fields | D12: BE worktree Stop hook fired through 2026-04-28 then stopped (Bug B in diagnostic doc) | E12: Operator self-report from BE+1 EOD summary; same followup (z) as FE
... A27: 2026-05-03 | B27: BE | C27: All token + hours fields | D27: BE worktree Stop hook fired through 2026-04-28 then stopped (Bug B in diagnostic doc) | E27: Operator self-report from BE+1 EOD summary; same followup (z) as FE
